Agent,Leaving_Probability_Before
0,0.05
1,0.025
2,0.05
3,0.05
4,0.05
5,0.03333333333333333
6,0
7,0.05
8,0.03333333333333333
9,0.0375
